{"tickets": {"1": {"id": "3330db17-9c2b-49da-96dc-2ffa0d4a24b1", "licencePlate": "111-111", "name": "Richard ", "geoLocation": {"lng": -86.87092067840577, "lat": 35.91880310841344}, "ticketStatusId": 1, "problemTypeId": 3, "createAt": "2023-12-06T03:47:41.144966+00:00", "createBy": "00000000-0000-0000-0000-000000000000", "updateAt": "2023-12-06T04:49:17.632548+00:00", "updateBy": "00000000-0000-0000-0000-000000000000"}, "2": {"id": "8357af5f-68d7-4736-b657-2ca8e6561690", "licencePlate": "ABC-123", "name": "Jordan Treutel", "geoLocation": {"lng": -86.366915, "lat": 35.8486217}, "ticketStatusId": 5, "problemTypeId": 2, "createAt": "2023-12-06T04:06:48.413036+00:00", "createBy": "00000000-0000-0000-0000-000000000000", "updateAt": "2023-12-06T15:07:05.946473+00:00", "updateBy": "00000000-0000-0000-0000-000000000000"}, "3": {"id": "23355357-c46f-4842-860d-36b8ad1fec58", "licencePlate": "MTSU-123", "name": "Ian", "geoLocation": {"lng": -86.87075265691324, "lat": 35.91888148340948}, "ticketStatusId": 2, "problemTypeId": 1, "createAt": "2023-12-06T04:50:05.045288+00:00", "createBy": "00000000-0000-0000-0000-000000000000", "updateAt": "2023-12-06T15:09:23.971933+00:00", "updateBy": "00000000-0000-0000-0000-000000000000"}, "4": {"id": "b18f9b57-2a2d-4266-b902-3b8ba7d5c520", "licencePlate": "ABC", "name": "Patrick", "geoLocation": {"lat": 35.9208874016385, "lng": -86.87277536583692}, "ticketStatusId": 1, "problemTypeId": 1, "createAt": "2023-12-06T15:07:28.962314+00:00", "createBy": "00000000-0000-0000-0000-000000000000", "updateAt": "2023-12-06T15:07:28.962314+00:00", "updateBy": "00000000-0000-0000-0000-000000000000"}}, "ticketStatuses": {"1": {"id": 1, "name": "Pending"}, "2": {"id": 2, "name": "Parking"}, "3": {"id": 3, "name": "Parked"}, "4": {"id": 4, "name": "Retrieving"}, "5": {"id": 5, "name": "Complete"}}, "problemTypes": {"1": {"id": 1, "name": "None"}, "2": {"id": 2, "name": "Lost"}, "3": {"id": 3, "name": "Stolen"}, "4": {"id": 4, "name": "Scratched"}}, "users": {"1": {"id": "00000000-0000-0000-0000-000000000000", "firstName": "Unknown", "lastName": "Unknown", "email": "no-reply@nobody.com", "password": "*****", "userStatusId": 3}, "2": {"id": "ee37712e-3a34-4939-8548-9bcbf4b78dce", "firstName": "Richard", "lastName": "Hoehn", "email": "rhoehn@mtmail.mtsu.edu", "password": "1234", "userStatusId": 1}}, "userStatuses": {"1": {"id": 1, "name": "Active"}, "2": {"id": 2, "name": "Admin"}, "3": {"id": 3, "name": "Non-Active"}}}